player,team,goals_for,goals_against,minutes_played,minutes_benched,team_goals_for,team_goals_against
Luis Adv?ncula,NOB,13,18,1305,199,16,21
Leandro Maciel,LAN,0,2,25,1482,28,10
Mateo Castellano,RAF,7,7,455,1053,14,32
Nicol?s Aguirre,LAN,16,9,774,733,28,10
Lucho Gonz?lez,CARP,6,12,448,1065,20,19
Cristian Villagra,ROS,9,10,719,800,17,15
Rolando Garc?a,USF,21,19,1151,358,24,21
Leandro Vega,CARP,2,6,279,1234,20,19
Pedro Ulloa,SL,3,5,242,1266,23,16
Facundo Pereyra,RAC,13,14,463,1043,29,26
Bruno Uribarri,RAF,5,14,445,1063,14,32
Mario Paglialunga,OBB,3,7,277,1234,11,20
Braian Romero,ARGJ,9,22,1016,487,11,26
Juan Martinez Trejo,IND,1,0,58,1441,22,12
Eugenio Isnaldo,DYJ,16,10,935,587,23,16
Nicolas Pelaitay,SMSJ,4,2,176,1349,22,20
Dami?n Batallini,ARGJ,9,15,845,658,11,26
Exequiel Palacios,CARP,0,0,31,1482,20,19
Jose D'Angelo,GLP,0,2,43,1455,18,19
Sebastian Romero,QUI,14,21,868,636,21,31
Luis Garnier,COL,1,3,29,1474,21,31
Damian Musto,ROS,14,10,1121,398,17,15
Israel Coll,SARM,2,2,80,1431,10,17
Luciano Perdomo,GLP,9,5,492,1006,18,19
Ricardo Noir,RAC,19,21,609,897,29,26
Iv?n Bella,VEL,0,2,93,1416,19,19
Mariano Pavone,VEL,13,9,864,645,19,19
Mat?as Escudero,SMSJ,10,8,766,759,22,20
German Mandarino,HUR,0,0,13,1504,21,15
Luis Luis Olivera Moreira,CARP,0,0,63,1450,20,19
Sergio Sagarzazu,SMSJ,2,4,56,1469,22,20
Marcelo Barovero,CARP,18,15,1224,289,20,19
Rodrigo Colombo,RAF,5,19,727,781,14,32
N?stor Moiraghi,OBB,10,19,1412,99,11,20
Santiago Garcia,GCM,24,12,1178,329,27,14
Lucas Alario,CARP,15,10,992,521,20,19
Mat?as S?nchez,TEMP,14,21,1388,123,14,21
Gonzalo Escobar,TEMP,2,2,187,1324,14,21
Maximiliano Gonz?lez,ROS,1,2,112,1407,17,15
Jorge Correa,VEL,12,11,510,999,19,19
Alan Alegre,QUI,14,24,1015,489,21,31
Enzo Trinidad,BAN,3,0,120,1388,15,20
Sebasti?n D?Angelo,NOB,3,9,331,1173,16,21
Germ?n Denis,IND,10,8,771,728,22,12
Luciano Abecasis,GCM,26,14,1403,104,27,14
Jorge Broun,COL,21,31,1503,0,21,31
Franco Costa,ARS,1,1,54,1450,21,14
Gast?n Del Castillo,IND,2,0,39,1460,22,12
Federico Gonz?lez,TIG,13,13,888,619,21,17
Emiliano Ag?ero,SMSJ,0,0,15,1510,22,20
Fernando Redondo Solari,TIG,1,0,22,1485,21,17
Maximiliano Fornari,SARM,6,10,695,816,10,17
Ram?n Mierez,TIG,2,0,54,1453,21,17
Gustavo G?mez,LAN,27,7,1368,139,28,10
Denis Rodr?guez,NOB,7,9,297,1207,16,21
Gabriel Mercado,CARP,14,8,865,648,20,19
Daniel Gonz?lez,SMSJ,17,14,750,775,22,20
Sebasti?n Sosa,ROS,1,4,379,1140,17,15
Diego Casta?o,TIG,0,0,42,1465,21,17
Mariano Guerreiro,DYJ,1,1,24,1498,23,16
Rafael Victoriano Barrios,IND,5,0,184,1315,22,12
Luciano Cabral,ARGJ,6,23,833,670,11,26
Alejandro Donatti,ROS,16,12,1234,285,17,15
Nicolas Tripichio,VEL,0,0,197,1312,19,19
Mat?as Orihuela,QUI,4,4,199,1305,21,31
Juan Govea,TUC,8,5,253,1254,24,19
Nicol?s Domingo,CARP,13,13,818,695,20,19
Ra?l Iberbia,COL,10,19,942,561,21,31
Pablo Contreras,CARP,3,2,208,1305,20,19
Nicol?s Andereggen,USF,1,0,22,1487,24,21
Andres Franzoia,SARM,0,5,144,1367,10,17
Juan Cobo,ARGJ,6,11,561,942,11,26
Juan Fernando Garro,GCM,6,3,151,1356,27,14
Santiago Naguel,USF,2,3,151,1358,24,21
Jonathan Silva,CABJ,14,12,1406,95,14,13
Ciro Rius,DYJ,6,4,302,1220,23,16
Rodrigo Javier Migone,ROS,1,3,89,1430,17,15
Mauro Cetto,ROS,1,3,372,1147,17,15
Marcos C?ceres,NOB,12,15,1221,283,16,21
Daniel D?az,CABJ,8,3,676,825,14,13
Christian Chimino,TEMP,12,18,1250,261,14,21
Nahuel P?jaro,ALDO,2,5,146,1377,19,27
Franco Niell,GLP,11,8,555,943,18,19
Ignacio Canuto,TUC,0,0,2,1505,24,19
Lihue Prichoda,BAN,3,2,132,1376,15,20
Javier Correa,GCM,9,4,270,1237,27,14
Walter Serrano,RAF,8,25,923,585,14,32
Pier Barrios,BEL,12,17,1041,467,19,23
Kevin Itabel,TIG,5,8,559,948,21,17
Diego Lagos,COL,15,23,717,786,21,31
Paulo Ferrari,ROS,3,5,393,1126,17,15
Gabriel Sanabria,ARS,18,9,842,662,21,14
H?ctor Fertoli,NOB,3,6,474,1030,16,21
Santiago Silva,BAN,13,18,1301,207,15,20
Claudio Bieler,BEL,14,17,902,606,19,23
Nicol?s Silva,COL,6,19,640,863,21,31
Bruno Pitt?n,USF,21,19,1184,325,24,21
Pablo Aguilar,SMSJ,13,12,924,601,22,20
Gonzalo Pr?speri,SL,3,5,283,1225,23,16
Nelson Ib??ez,RAC,4,2,379,1127,29,26
Lautaro Acosta,LAN,25,6,1219,288,28,10
Sa?l Nelle,IND,2,0,120,1379,22,12
Guillermo Luis Ortiz,ALDO,15,21,1193,330,19,27
?lvaro Fern?ndez,GLP,2,6,146,1352,18,19
Alan Ruiz,COL,14,19,800,703,21,31
Julio Buffarini,SL,20,11,1207,301,23,16
Mat?as Vega,ALDO,8,13,751,772,19,27
Dami?n Lemos,CAP,12,15,1016,502,19,23
Ezequiel Montagna,SMSJ,16,11,618,907,22,20
Pablo Osvaldo,CABJ,1,3,282,1219,14,13
Danilo Ortiz,GCM,27,14,1507,0,27,14
Mariano And?jar,EST,17,7,1036,470,25,11
Walter Bou,GLP,16,19,1119,379,18,19
Walter Montoya,ROS,16,11,792,727,17,15
Ijiel Cesar Protti,ROS,1,3,285,1234,17,15
Franco Quiroga,TUC,7,6,252,1255,24,19
Carlos Luna,TIG,9,9,526,981,21,17
Mario Risso,HUR,11,8,654,863,21,15
Nahuel Rodr?guez,ARGJ,5,11,298,1205,11,26
Mat?as Mart?nez,ARGJ,4,14,464,1039,11,26
Francisco Dutari,SARM,8,10,1045,466,10,17
Sebasti?n B?rtoli,CAP,19,23,1518,0,19,23
Pablo P?rez,CABJ,7,5,624,877,14,13
Santiago Rosales,ALDO,19,27,1494,29,19,27
Gonzalo Bettini,BAN,15,20,1489,19,15,20
Carlos Bueno,SARM,6,18,684,827,10,17
Matias Ballini,TUC,9,4,281,1226,24,19
Matias Lequi,SARM,7,9,802,709,10,17
Josu? Ayala,TUC,1,0,95,1412,24,19
Gonzalo Papa,ARS,13,7,947,557,21,14
Marcelo Benitez,DYJ,4,3,279,1243,23,16
Dami?n Arce,QUI,5,6,123,1381,21,31
Francis Mac Allister,ARGJ,1,0,22,1481,11,26
Mauricio Carrasco,CAP,17,21,956,562,19,23
Lucas Perez Godoy,QUI,8,13,563,941,21,31
Ezequiel Cirigliano,TIG,10,9,426,1081,21,17
Juan Lucero,IND,1,0,75,1424,22,12
Mat?as Fissore,SMSJ,22,19,1431,94,22,20
Agust?n Diaz,RAF,8,21,910,598,14,32
Horacio Carabajal,GCM,13,6,417,1090,27,14
Brian Ferreira,OBB,0,0,4,1507,11,20
Santiago Zurbriggen,USF,20,20,1223,286,24,21
Cristian Villanueva,OBB,0,2,139,1372,11,20
Gast?n Bojanich,TEMP,14,21,1511,0,14,21
Franco Mussis,SL,14,10,674,834,23,16
Daniel Mancini,NOB,7,11,486,1018,16,21
Juan Manuel Garc?a,ROS,16,11,1140,379,17,15
Giovanni Simeone,BAN,15,19,1331,177,15,20
Agust?n Doffo,VEL,1,1,57,1452,19,19
Gast?n D?az,ALDO,29,32,1690,-167,19,27
Leonel Bontempo,QUI,13,20,905,599,21,31
Matias Morales,QUI,6,14,375,1129,21,31
Jes?s Jos? David M?ndez,IND,11,9,822,677,22,12
Juan Mattia,SMSJ,16,14,965,560,22,20
Walter Andrade,CAP,14,19,987,531,19,23
Gast?n Gim?nez,GCM,4,1,171,1336,27,14
Lucas Sosa,HUR,2,1,184,1333,21,15
Victor Cuesta,IND,22,12,1406,93,22,12
Alexis Castro,TIG,8,3,355,1152,21,17
Fabricio Alvarenga,VEL,14,11,719,790,19,19
Iv?n Etevenaux,BEL,15,17,1065,443,19,23
Joaqu?n Torres,NOB,0,1,22,1482,16,21
Federico Mancinelli,HUR,17,11,1328,189,21,15
Agust?n Fontana,BAN,1,2,18,1490,15,20
Patricio Romero,TEMP,4,10,664,847,14,21
Mario Bolatti,BEL,18,20,1167,341,19,23
Franco Troyansky,OBB,5,8,254,1257,11,20
Mat?as Ib??ez,LAN,1,3,93,1414,28,10
Pablo Mart?n Ledesma,COL,18,29,1159,344,21,31
Fernando Elizari,QUI,14,18,718,786,21,31
Diego Rodriguez,IND,18,7,922,577,22,12
Juan Quiroga,OBB,8,11,814,697,11,20
Facundo Oreja,GLP,18,19,1484,14,18,19
Marcos Acu?a,RAC,20,13,776,730,29,26
Mat?as Noble,GLP,12,15,1025,473,18,19
Abel Masuero,CAP,16,18,1115,403,19,23
Emanuel Cecchini,BAN,2,2,157,1351,15,20
Luciano G?mez,BAN,2,5,195,1313,15,20
Esteban Rol?n,ARGJ,6,14,1004,499,11,26
Tom?s Cardona,DYJ,7,5,597,925,23,16
Facundo Castill?n,GLP,16,16,938,560,18,19
Sebastian Penco,ALDO,19,26,1352,171,19,27
Joaqu?n Molina,SMSJ,5,3,223,1302,22,20
Emmanuel Aguilera,IND,1,0,202,1297,22,12
Leonel Vangioni,CARP,12,7,723,790,20,19
Alexis Niz,SARM,5,6,932,579,10,17
Fernando Brand?n,TEMP,9,11,719,792,14,21
Maximiliano Meza,GLP,11,11,740,758,18,19
Rodrigo Erramuspe,TIG,16,12,924,583,21,17
Fabi?n Bordagaray,DYJ,23,16,1479,43,23,16
Gabriel Esparza,TEMP,7,11,793,718,14,21
Eric Remedi,BAN,4,4,508,1000,15,20
Agust?n Orion,CABJ,13,9,1099,402,14,13
Claudio P?rez,BAN,11,16,944,564,15,20
Emanuel Morales,QUI,9,14,676,828,21,31
Diego Rodr?guez,IND,3,5,469,1030,22,12
Miguel Eduardo Caneo,ARS,7,2,250,1254,21,14
Gonzalo Martinez,CARP,19,15,943,570,20,19
Lucas Wilchez,TIG,4,9,478,1029,21,17
Juan Mercier,SL,10,6,742,766,23,16
Emanuel Dening,SMSJ,22,20,1349,176,22,20
Mauro Pitt?n,USF,7,6,421,1088,24,21
Emanuel Mammana,CARP,8,7,585,928,20,19
Cristian Palomeque Valoyes,COL,2,4,75,1428,21,31
Jes?s Gabriel Morales,RAF,11,18,679,829,14,32
Yamil Asad,VEL,13,15,621,888,19,19
Mart?n Cauteruccio,SL,12,9,622,886,23,16
Javier Yacuzzi,DYJ,0,2,26,1496,23,16
David Ram?rez,GCM,7,4,181,1326,27,14
Leonardo Gil,EST,7,3,375,1131,25,11
Juan Sills,OBB,10,13,1012,499,11,20
Mauricio Mart?nez,USF,24,21,1488,21,24,21
Roger Mart?nez,RAC,14,12,645,861,29,26
Federico Matias Scoppa,RAF,5,11,481,1027,14,32
Sebasti?n Blanco,SL,17,11,897,611,23,16
Miguel Torr?n,ARGJ,7,16,1125,378,11,26
Jorge Valdez Chamorro,GLP,0,2,51,1447,18,19
Nehu?n Paz,NOB,6,8,906,598,16,21
Emiliano Amor,VEL,6,5,262,1247,19,19
Fernando Alessandro Luna,ARS,8,6,559,945,21,14
Tabar? Viudez,CARP,7,9,222,1291,20,19
Federico Crivelli,TEMP,14,21,1452,59,14,21
Neri Bandiera,ALDO,9,21,863,660,19,27
Joaqu?n Boghossian,ARS,6,2,254,1250,21,14
Sebasti?n Saja,RAC,25,24,1127,379,29,26
Lucas Pittinari,TIG,8,9,614,893,21,17
Ezequiel Cerutti,SL,21,15,1195,313,23,16
Mart?n Rivero,ALDO,19,27,1410,113,19,27
Facundo Callejo,CAP,1,0,14,1504,19,23
Romiro Arias,ALDO,9,12,694,829,19,27
Braian Cufr?,VEL,8,10,550,959,19,19
Gast?n Gil Romeo,ROS,4,4,303,1216,17,15
Juan Celaya,QUI,17,20,979,525,21,31
Gustavo Colman,ROS,7,7,691,828,17,15
Rodrigo De Paul,RAC,11,13,564,942,29,26
Lucas Ceballos,GCM,27,14,1475,32,27,14
Emanuel Casado,COL,0,3,42,1461,21,31
Nicol?s S?nchez,SARM,27,18,1448,63,10,17
Domingo Blanco,IND,4,0,83,1416,22,12
Patricio Matricardi,ARGJ,0,2,360,1143,11,26
Diego Armando Montiel,RAF,5,4,274,1234,14,32
Axel Werner,RAF,10,19,817,691,14,32
Lucas Viatri,EST,16,6,805,701,25,11
Enzo Kalinski,SL,4,4,279,1229,23,16
Julio Rodriguez,USF,8,12,351,1158,24,21
Germ?n Voboril,RAC,12,11,658,848,29,26
Alejandro R?bola,TIG,0,2,94,1413,21,17
Maximiliano Calzada,DYJ,10,3,183,1339,23,16
Germ?n Gait?n,BEL,0,0,23,1485,19,23
Ignacio Boggino,TEMP,11,12,845,666,14,21
Franco Colela,BAN,9,12,711,797,15,20
Marcos Gelabert,SMSJ,17,13,1008,517,22,20
Franco Bellocq,ARS,12,8,685,819,21,14
Nahuel Yeri,BAN,1,4,238,1270,15,20
Germ?n Herrera,ROS,8,11,603,916,17,15
Leandro Martinez,SMSJ,5,7,223,1302,22,20
Emiliano Romero,RAF,3,7,320,1188,14,32
Kevin Mercado,SARM,7,7,461,1050,10,17
Joaqu?n Laso,ARGJ,6,12,908,595,11,26
Joel Sacks,RAF,0,1,20,1488,14,32
Maximiliano Caire,SARM,8,14,1037,474,10,17
Nereo Champagne,OBB,11,20,1511,0,11,20
Cristian Ledesma,ARGJ,8,21,1030,473,11,26
Leandro Contin,GLP,4,3,73,1425,18,19
Omar Pouso,GLP,1,0,21,1477,18,19
Lautaro Gianetti,VEL,16,19,1272,237,19,19
Fernando Godoy,GCM,22,14,1011,496,27,14
Emanuel M?s,SL,17,9,1131,377,23,16
Franco Soldano,USF,6,3,265,1244,24,21
Ignacio Fern?ndez,CARP,13,13,692,821,20,19
V?ctor L?pez,RAF,8,13,883,625,14,32
Leandro Grimi,RAC,17,13,845,661,29,26
Martin Rolle,USF,16,15,759,750,24,21
Sebastian Rinc?n,TIG,16,16,783,724,21,17
Fernando Zampedri,TUC,14,8,528,979,24,19
Mat?as Fant?n,USF,0,0,5,1504,24,21
El?as Borrego,OBB,0,4,107,1404,11,20
Walter Acu?a,OBB,8,13,764,747,11,20
Nicol?s Romat,TUC,23,18,1310,197,24,19
Luciano Aued,RAC,25,17,1129,377,29,26
Nacho Scocco,NOB,16,20,928,576,16,21
Jacobo Mansilla,OBB,11,15,1095,416,11,20
Iv?n Ezequiel Silva,NOB,2,3,188,1316,16,21
Mat?as Zald?var,ARS,7,5,318,1186,21,14
Daniele Franco,SMSJ,2,0,97,1428,22,20
Mauro Obolo,BEL,11,15,708,800,19,23
Mat?as P?rez Acu?a,VEL,4,2,163,1346,19,19
Santiago Stelcaldo,VEL,5,8,344,1165,19,19
Gast?n Bottino,QUI,12,15,860,644,21,31
Victor Figueroa,COL,21,26,1035,468,21,31
Jonathan Ferrari,CAP,16,19,1376,142,19,23
Horacio Orzan,TIG,0,1,15,1492,21,17
Alexis Nicol?s Castro,ALDO,12,16,565,958,19,27
Lautaro Montoya,SL,4,5,247,1261,23,16
Nicol?s Bertolo,CARP,8,4,439,1074,20,19
Federico Andrada,QUI,17,21,956,548,21,31
Daniel Imperiale,QUI,17,21,994,510,21,31
C?sar Pereyra,BEL,10,10,635,873,19,23
Claudio Ria?o,USF,20,16,1061,448,24,21
Marcos Minetti,CAP,5,6,408,1110,19,23
Rodrigo Tapia,SL,2,2,93,1415,23,16
Fabricio Angileri,GCM,3,3,185,1322,27,14
?rik Correa,TIG,2,2,224,1283,21,17
David Barbona,EST,1,1,80,1426,25,11
Gonzalo Castellani,LAN,8,4,335,1172,28,10
Jonathan Schunke,EST,25,11,1506,0,25,11
Adri?n Calello,QUI,13,27,1036,468,21,31
Manuel Guanini,GLP,3,0,93,1405,18,19
Diego Vera,IND,16,9,704,795,22,12
Marcelo Guzm?n,CAP,16,20,1034,484,19,23
Ramiro Garay,ALDO,0,1,27,1496,19,27
Gonzalo Baz?n,ARS,19,13,1044,460,21,14
Mart?n P?rez Guedes,TEMP,4,9,429,1082,14,21
Clemente Rodr?guez,COL,13,21,814,689,21,31
Dami?n Mart?nez,DYJ,21,14,1213,309,23,16
Agust?n Vuletich,ARS,3,2,95,1409,21,14
Emiliano Franco,NOB,1,0,49,1455,16,21
Jorge Ortiz,IND,14,11,955,544,22,12
Emanuel Insua,NOB,15,20,1388,116,16,21
Guillermo Fern?ndez,GCM,25,14,1307,200,27,14
Lautaro Rinaldi,ARGJ,4,14,570,933,11,26
Frank Fabra,CABJ,0,1,98,1403,14,13
Paulo D?az,SL,6,5,423,1085,23,16
Emiliano Rigoni,IND,21,11,1209,290,22,12
Alexis Rolin,CABJ,1,4,283,1218,14,13
Luis Unsain,NOB,7,8,375,1129,16,21
Rom?n,LAN,25,7,1118,389,28,10
Sebasti?n Balmaceda,TIG,1,4,214,1293,21,17
Dami?n Malrechauffe,QUI,13,20,1007,497,21,31
Orlando Gaona Lugo,OBB,10,14,791,720,11,20
Leandro Gonz?lez Pirez,EST,15,8,694,812,25,11
Fernando Pellegrino,ARS,21,14,1504,0,21,14
Jorge Emanuel Molina,TUC,2,1,66,1441,24,19
Walter Erviti,BAN,15,20,1314,194,15,20
Marcelo Herrera,LAN,6,4,380,1127,28,10
Claudio Villagra,BAN,9,11,397,1111,15,20
Nicol?s Mazzola,GLP,0,2,34,1464,18,19
Jaime Ayov?,GCM,27,14,1366,141,27,14
Sebastian Driussi,CARP,7,6,421,1092,20,19
Ezequiel Videla,RAC,3,2,246,1260,29,26
Giovani Lo Celso,ROS,13,12,1055,464,17,15
?ngel Garr?,CAP,16,21,1238,280,19,23
Joaqu?n Pereyra,ROS,2,1,83,1436,17,15
Santiago Villarreal,TIG,1,0,15,1492,21,17
Gonz?lo R?os,TEMP,7,9,555,956,14,21
Leonardo Pisculichi,CARP,5,7,352,1161,20,19
Enrique Meza,TUC,8,8,636,871,24,19
Ismael Benegas,COL,18,24,1093,410,21,31
Facundo Quintana,EST,7,4,222,1284,25,11
Luis Ardente,SMSJ,22,20,1525,0,22,20
Nicol?s Delgadillo,VEL,5,5,134,1375,19,19
Lucas Janson,TIG,20,14,1164,343,21,17
Mariano Uglessich,QUI,6,11,502,1002,21,31
Javier Capelli,SMSJ,12,13,834,691,22,20
Gonzalo Gim?nez,ARS,1,2,45,1459,21,14
Alejandro Romero Gamarra,HUR,14,13,1056,461,21,15
Adri?n Argach?,BEL,4,5,340,1168,19,23
Nelson Ben?tez,RAF,13,30,1365,143,14,32
Ezequiel Rodr?guez,ROS,1,0,41,1478,17,15
Leandro Des?bato,EST,25,19,1792,-286,25,11
Jos? M?ndez,TUC,9,8,321,1186,24,19
Cristian Espinoza,HUR,17,10,1080,437,21,15
Lautaro Mart?nez,RAC,2,4,98,1408,29,26
Lucas Licht,GLP,17,16,1256,242,18,19
Guillermo Benitez,ARGJ,5,13,340,1163,11,26
Germ?n Conti,COL,21,31,1503,0,21,31
Leandro Lacunza,OBB,1,2,174,1337,11,20
Dami?n Schmidt,RAC,0,5,91,1415,29,26
Augusto Batalla,CARP,2,4,289,1224,20,19
Sebasti?n Riquelme,ARGJ,0,2,11,1492,11,26
Leandro Romagnoli,SL,7,8,361,1147,23,16
Jorge Rodr?guez,BAN,6,8,724,784,15,20
Cristian Rodr?guez,IND,12,4,513,986,22,12
Alexis Messidoro,CABJ,4,5,375,1126,14,13
?ngelo Gonz?lez,GCM,8,5,349,1158,27,14
Gonzalo Bueno,EST,5,2,166,1340,25,11
Federico Milo,ARS,1,0,30,1474,21,14
Rodrigo Aliendro,TUC,12,10,448,1059,24,19
Ignacio Colombini,QUI,5,8,225,1279,21,31
Mat?as Garrido,CAP,17,20,1287,231,19,23
Leonardo Di Lorenzo,TEMP,13,15,1000,511,14,21
Fabi?n Henr?quez,GCM,3,0,123,1384,27,14
Brian Sarmiento,BAN,9,12,617,891,15,20
Juan Insaurralde,CABJ,13,9,1124,377,14,13
Fernando Gago,CABJ,10,8,851,650,14,13
Jorge Vel?zquez,BEL,18,20,1291,217,19,23
Alexis Soto,BAN,13,20,1400,108,15,20
Lautaro Comas,CAP,9,9,525,993,19,23
Jorge Luna,SMSJ,5,6,266,1259,22,20
Luciano Pocrnjic,NOB,7,8,847,657,16,21
Camilo Mayada,CARP,12,10,677,836,20,19
Enrique Alberto Bologna,GLP,15,19,1405,93,18,19
Tom?s Andrade,CARP,2,0,111,1402,20,19
Emilio Hern?ndez,SMSJ,2,1,103,1422,22,20
Lucas Cano,ARGJ,1,2,137,1366,11,26
Fabio ?lvarez,SARM,6,10,641,870,10,17
Leandro Sapetti,TEMP,8,9,635,876,14,21
Mauricio T?vez,NOB,3,6,270,1234,16,21
Jonathan Galv?n,ALDO,16,24,1317,206,19,27
Maxi Rodr?guez,NOB,16,21,1464,40,16,21
Lucas Villalba,TUC,13,6,689,818,24,19
Walter Busse,SARM,10,17,1401,110,10,17
Kevin Ceceri,GLP,3,4,323,1175,18,19
Mauro Matos,SL,7,7,422,1086,23,16
Jonathan Bottinelli,ARS,21,14,1504,0,21,14
Dami?n P?rez,VEL,19,17,1285,224,19,19
Fernando Gonz?lez,OBB,1,7,315,1196,11,20
Milton Casco,CARP,11,13,785,728,20,19
Mariano Nicolas Gonzalez,HUR,18,12,844,673,21,15
Gast?n ?lvarez Suarez,BEL,8,7,275,1233,19,23
Guillermo Acosta,TUC,20,15,941,566,24,19
Gustavo Villarruel,SMSJ,8,5,241,1284,22,20
Pablo Becker,ROS,1,2,157,1362,17,15
Rodrigo Battaglia,ROS,0,3,135,1384,17,15
Matias Donoso,CAP,6,5,332,1186,19,23
Camilo Vargas,ARGJ,6,15,566,937,11,26
Marco Rub?n,ROS,12,9,944,575,17,15
Pablo Santillo,DYJ,8,7,426,1096,23,16
Federico L?rtora,ARS,20,14,1346,158,21,14
Nicol?s Talpone,EST,1,2,12,1494,25,11
Jos? Sand,LAN,28,10,1449,58,28,10
Guillermo Ferracuti,SARM,1,8,438,1073,10,17
Claudio Corval?n,ARS,21,14,1476,28,21,14
Gabriel Graciani,RAF,10,16,792,716,14,32
Santiago Villafa?e,COL,11,12,442,1061,21,31
Gast?n Fern?ndez,EST,22,10,1207,299,25,11
Hamilton Pereira,SARM,10,14,1224,287,10,17
Fabi?n Rinaudo,GLP,9,14,1029,469,18,19
Mauro Bogado,HUR,19,14,1325,192,21,15
Guillermo Sara,CABJ,1,5,402,1099,14,13
Juan Ignacio Cavallaro,EST,21,9,833,673,25,11
Carlos Auzqui,EST,13,7,790,716,25,11
Brian Andrada,GLP,0,0,8,1490,18,19
Sergio Vittor,RAC,21,21,793,713,29,26
Gabriel B?ez Renter?a,NOB,1,1,95,1409,16,21
Lucas Mugni,NOB,3,5,249,1255,16,21
Gonzalo Montiel,CARP,0,0,49,1464,20,19
Mathias Abero,RAF,8,24,763,745,14,32
Kevin Mac Allister,ARGJ,2,10,372,1131,11,26
Ramiro Carrera,ARS,12,9,593,911,21,14
Emanuel Tripodi,SARM,10,17,1511,0,10,17
Fabi?n Assmann,VEL,0,2,107,1402,19,19
Roberto Brum,GLP,7,9,774,724,18,19
Pablo Alvarez,ROS,13,9,957,562,17,15
Elias Gomez,DYJ,0,0,17,1505,23,16
Ezequiel Parnisari,OBB,10,18,1244,267,11,20
Facundo Parra,RAF,6,16,458,1050,14,32
Mat?as Giordano,HUR,0,1,118,1399,21,15
Erik Godoy,TIG,21,13,1258,249,21,17
Gabriel Alan?s,BEL,3,4,108,1400,19,23
Martin Benitez,IND,18,11,798,701,22,12
Pablo Caceres,TUC,16,11,828,679,24,19
Tom?s Pochettino,DYJ,7,7,466,1056,23,16
Miguel Escobar,BAN,3,4,88,1420,15,20
Bruno Bianchi,TUC,24,19,1507,0,24,19
Cristian Canuh?,TEMP,8,9,646,865,14,21
Victor Malcorra,USF,24,21,1509,0,24,21
Norberto Paparatto,RAF,3,10,469,1039,14,32
Pablo Rosales,EST,4,1,48,1458,25,11
Juan Sanchez Sotelo,ARS,14,9,764,740,21,14
Gonzalo Yordan,VEL,0,0,28,1481,19,19
Luis Rodr?guez,TUC,20,19,1270,237,24,19
Tom?s Bolzicco,USF,3,2,146,1363,24,21
Fabricio Formiliano,NOB,7,11,474,1030,16,21
Dami?n Ledesma,ALDO,8,11,579,944,19,27
Santiago Biglieri,COL,0,0,11,1492,21,31
Rodrigo Rey,GCM,27,14,1507,0,27,14
Agust?n Bouzat,DYJ,11,11,459,1063,23,16
Mauro Albertengo,RAF,3,5,275,1233,14,32
Fernando Zuqui,GCM,27,13,1373,134,27,14
Joaquin Arzura,CARP,8,5,396,1117,20,19
Ignacio Pussetto,RAF,9,17,705,803,14,32
Ra?l Poclaba,ALDO,0,0,4,1519,19,27
Ezequiel Miralles,HUR,10,8,474,1043,21,15
Mauro Marconato,CAP,0,0,15,1503,19,23
Nery Leyes,TUC,21,19,1309,198,24,19
Fernando Monetti,LAN,27,7,1414,93,28,10
Iv?n Rossi,BAN,10,16,984,524,15,20
Joel Amoroso,OBB,11,20,1425,86,11,20
Cristian Nasuti,VEL,18,15,1405,104,19,19
Lucas Salas,SMSJ,18,18,933,592,22,20
Luis ?vila,SL,0,2,58,1450,23,16
Frano Cervi,ROS,13,10,977,542,17,15
Leandro De Bortoli,TEMP,0,2,59,1452,14,21
Federico Alvarez,BEL,9,10,657,851,19,23
Leonel Mosevich,ARGJ,0,3,139,1364,11,26
Cristian Erbes,CABJ,3,1,159,1342,14,13
Federico Marcelo Anselmo,RAF,12,21,788,720,14,32
Juli?n Marchioni,EST,3,5,382,1124,25,11
Matias Vargas,VEL,0,2,32,1477,19,19
Diego Mateo,NOB,10,10,925,579,16,21
Israel Damonte,EST,23,9,1174,332,25,11
Victor Salazar,ROS,13,10,978,541,17,15
Sebasti?n Mart?nez,RAF,8,14,656,852,14,32
Ismael Qu?lez,ALDO,11,20,933,590,19,27
Mat?as Catal?n,RAF,4,16,679,829,14,32
Agust?n Sandon?,USF,7,2,326,1183,24,21
Facundo Barboza,ARGJ,3,6,183,1320,11,26
Leandro Fernandez,IND,11,7,826,673,22,12
Manuel de Iriondo,USF,1,0,23,1486,24,21
Carlos Araujo,HUR,8,9,645,872,21,15
Lucas Villarruel,HUR,6,7,403,1114,21,15
Nereo Fern?ndez,USF,24,21,1509,0,24,21
Maximiliano Lovera,ROS,1,1,46,1473,17,15
Jean Barrientos,OBB,2,8,331,1180,11,20
Ezequiel Ru?z,ARS,0,1,25,1479,21,14
Augusto Solari,EST,24,10,1291,215,25,11
Nahuel Z?rate,USF,2,1,188,1321,24,21
Ezequiel Vidal,IND,0,1,38,1461,22,12
Yeimar G?mez,ARS,2,4,143,1361,21,14
Nicol?s Freire,ARGJ,11,18,908,595,11,26
Alexis Mart?n Arias,GLP,3,0,93,1405,18,19
Adri?n Bast?a,COL,14,18,831,672,21,31
Gustavo Canto,SARM,0,3,127,1384,10,17
Adri?n Sporle,BAN,4,3,382,1126,15,20
Marcos Angeleri,SL,18,11,1094,414,23,16
Franco Lazzaroni,SMSJ,14,14,968,557,22,20
Franco Mazurek,COL,12,11,309,1194,21,31
El?as Umere,EST,4,2,98,1408,25,11
Federico Vismara,RAC,16,18,748,758,29,26
Rafael Delgado,DYJ,23,14,1357,165,23,16
Rodrigo Depetris,SARM,5,8,854,657,10,17
Adri?n Arregui,TEMP,9,19,865,646,14,21
Sebastian Olivares,GCM,0,0,11,1496,27,14
Nicol?s Lodeiro,CABJ,11,5,608,893,14,13
C?sar Delgado,ROS,1,4,279,1240,17,15
Jos? G?mez,LAN,25,7,1266,241,28,10
Andr?s R?os,DYJ,7,5,416,1106,23,16
Javier Toledo,SMSJ,19,16,1266,259,22,20
Ezequiel Bonifacio,GLP,1,2,115,1383,18,19
Guido Rodr?guez,DYJ,22,16,1407,115,23,16
Emilio Zelaya,ARGJ,8,22,909,594,11,26
Oscar Benitez,LAN,13,6,690,817,28,10
Nicol?s Blandi,SL,20,13,985,523,23,16
Fernando M?rquez,BEL,15,17,756,752,19,23
Leonardo Godoy,RAF,12,23,1035,473,14,32
Facundo And?jar,EST,1,1,95,1411,25,11
Diego Braghieri,LAN,23,8,1113,394,28,10
Milton Valenzuela,NOB,1,0,8,1496,16,21
Nicol?s Leguizam?n,COL,3,9,355,1148,21,31
H?ctor Villalba,SL,2,1,101,1407,23,16
Federico Lanzillota,ARGJ,5,11,937,566,11,26
Miguel Barbieri,RAC,3,2,191,1315,29,26
Iv?n Marcone,LAN,23,6,1025,482,28,10
Maximiliano Romero,VEL,10,11,579,930,19,19
Carlos Tevez,CABJ,10,8,959,542,14,13
Leandro Somoza,VEL,19,16,1222,287,19,19
Leandro Fern?ndez,NOB,3,3,94,1410,16,21
Federico Ruiz,COL,0,1,12,1491,21,31
Nelson Acevedo,USF,22,16,1067,442,24,21
Tom?s Molina,HUR,1,1,60,1457,21,15
Oliver Paz Ben?tez,GLP,7,9,690,808,18,19
Leonardo Rol?n,ARS,0,0,44,1460,21,14
Cristiano Pavon,CABJ,3,0,211,1290,14,13
Humberto Osorio,DYJ,8,7,274,1248,23,16
Leandro Mar?n,TIG,15,11,1028,479,21,17
Federico Ins?a,ARGJ,7,18,745,758,11,26
Javier Pinola,ROS,15,9,951,568,17,15
Ivan Furios,CAP,10,10,724,794,19,23
Juli?n Chicco,CABJ,1,4,283,1218,14,13
Ivan Pillud,RAC,18,14,701,805,29,26
Ram?n ?bila,HUR,21,14,1368,149,21,15
Luis Castillo Mart?nez,COL,6,10,520,983,21,31
Juan Ignacio L?pez,SARM,2,0,90,1421,10,17
Lucas Parodi,BEL,2,6,350,1158,19,23
Ariel Lug?ercio,ALDO,7,3,240,1283,19,27
David Vega,OBB,2,4,279,1232,11,20
Marcos Quiroga,CAP,2,2,72,1446,19,23
Diego Villar,USF,18,19,733,776,24,21
Juli?n Vitale,IND,3,3,79,1420,22,12
Marcos D?az,HUR,21,15,1494,23,21,15
Emir Faccioli,USF,5,8,236,1273,24,21
Romel Morales,BAN,0,1,13,1495,15,20
Facundo Cobos,GCM,1,0,95,1412,27,14
Gonzalo Piovi,ARGJ,6,12,1032,471,11,26
Jonathan Fleita,USF,8,9,577,932,24,21
Lucas Bareiro,RAC,3,4,131,1375,29,26
Juan Dinenno,ALDO,8,12,327,1196,19,27
Claudio Aquino,IND,10,9,698,801,22,12
Sebasti?n Dom?nguez,NOB,12,18,847,657,16,21
Carlos Matheu,BAN,15,20,1508,0,15,20
Gino Peruzzi,CABJ,0,0,280,1221,14,13
Federico Rasic,GLP,11,11,591,907,18,19
Juan Carlos Blengio,TIG,12,12,801,706,21,17
Fernando Evangelista,TUC,8,9,669,838,24,19
Mat?as Caruzzo,SL,19,11,1224,284,23,16
Nahuel Peralta,TEMP,0,0,13,1498,14,21
Iv?n Colman,ARGJ,0,1,74,1429,11,26
Ferm?n Antonini,SARM,2,2,176,1335,10,17
V?ctor Ayala,LAN,12,3,461,1046,28,10
Alexis Z?rate,TEMP,2,4,261,1250,14,21
Emanuel Garc?a,GCM,5,2,70,1437,27,14
Jos? Rojas,BEL,19,22,1383,125,19,23
Hern?n Lamberti,ALDO,18,18,1084,439,19,27
Santiago Izaguirre,TIG,1,4,122,1385,21,17
Hugo Silva,DYJ,4,5,216,1306,23,16
Maximiliano Vel?zquez,LAN,21,7,1213,294,28,10
Francisco Cerro,RAC,18,13,546,960,29,26
Tom?s Sandoval,COL,2,4,60,1443,21,31
Javier Mendoza,GLP,2,1,87,1411,18,19
Antonio Medina,GLP,2,3,208,1290,18,19
Javier Garc?a,TIG,21,17,1507,0,21,17
Franco Canever,ALDO,15,19,928,595,19,27
Hilario Navarro,BAN,14,19,1413,95,15,20
Lucas Di Yorio,ALDO,2,1,41,1482,19,27
Gast?n Dami?n Aguirre,TEMP,4,9,689,822,14,21
Lucas Comachi,COL,0,2,39,1464,21,31
Nicol?s Stefanelli,DYJ,20,14,919,603,23,16
Yonathan Cabral,RAC,6,7,401,1105,29,26
Nicol?s Servetto,VEL,2,0,100,1409,19,19
Lucas Rodr?guez,ARGJ,14,15,853,650,11,26
Lucas Menossi,TIG,14,10,1060,447,21,17
Juan Galeano,SMSJ,0,1,26,1499,22,20
Hugo Nervo,HUR,11,10,842,675,21,15
Adri?n Cubas,CABJ,8,2,472,1029,14,13
Gabriel Arias,DYJ,19,9,1096,426,23,16
Cristian Men?ndez,TUC,20,17,1242,265,24,19
Sebasti?n Prediger,BEL,5,10,412,1096,19,23
Gast?n Colm?n,RAF,5,14,493,1015,14,32
Mauricio Casierra,SMSJ,22,20,1525,0,22,20
Maximiliano Paredes,QUI,6,10,276,1228,21,31
Daniel Sappa,EST,7,3,281,1225,25,11
Cristian Tarragona,TEMP,4,8,422,1089,14,21
N?stor Ortigoza,SL,21,14,1119,389,23,16
Ezequiel Rescaldani,QUI,18,23,1007,497,21,31
Nahuel Molina,CABJ,7,9,688,813,14,13
Esteban Esp?ndola Lopez,BEL,5,3,140,1368,19,23
Lucas Diarte,EST,21,9,1176,330,25,11
Maximiliano Lugo,SMSJ,10,6,459,1066,22,20
Sergio Gonz?lez,LAN,0,0,5,1502,28,10
Renzo Saravia,BEL,5,11,489,1019,19,23
Leonardo Jara,CABJ,8,6,743,758,14,13
Hernan Dario Pellerano,IND,21,12,1404,95,22,12
Pedro Silva Torrej?n,CABJ,0,0,30,1471,14,13
Federico Carrizo,CABJ,5,6,492,1009,14,13
Pablo Mouche,LAN,24,10,899,608,28,10
Fernando Belluschi,SL,21,13,1076,432,23,16
Ignacio Cacheiro,SARM,3,3,130,1381,10,17
Andr?s D?Alessandro,CARP,6,11,443,1070,20,19
Diego Viera,GCM,27,14,1507,0,27,14
Hernan Da Campo,ROS,1,1,64,1455,17,15
Mat?as Fritzler,HUR,20,11,1027,490,21,15
Rodrigo Mora,CARP,12,7,682,831,20,19
Luciano Vella,ARS,19,11,1175,329,21,14
Nicolas Pasquini,LAN,9,4,357,1150,28,10
Dardo Miloc,SARM,5,12,754,757,10,17
Hern?n Toledo,VEL,15,11,1137,372,19,19
Erik Ram?rez,GLP,5,3,111,1387,18,19
?scar Romero,RAC,13,11,827,679,29,26
Mat?as Rosso,ALDO,1,6,172,1351,19,27
Franco Peppino,SARM,8,16,1129,382,10,17
Lucas Boy?,NOB,16,19,1406,98,16,21
Ariel Colzera,TEMP,11,13,709,802,14,21
Luciano Lollo,RAC,2,1,188,1318,29,26
Marcelo Meli,CABJ,6,5,486,1015,14,13
Jon?s Aguirre,ROS,6,7,566,953,17,15
Guillermo Farr?,BEL,16,18,1128,380,19,23
Lucas Gamba,USF,19,18,1103,406,24,21
Cristian Lucchetti,TUC,23,19,1412,95,24,19
Lucas Suarez,QUI,0,2,18,1486,21,31
Rodrigo Bra?a,QUI,18,23,1175,329,21,31
Facundo Silva,GCM,16,8,830,677,27,14
Alexander Barboza,DYJ,20,13,1332,190,23,16
Emiliano Papa,TIG,19,14,1164,343,21,17
Diego Colotto,LAN,2,2,153,1354,28,10
Nahuel Luna,EST,0,0,26,1480,25,11
Jonathan Blanco,OBB,5,15,752,759,11,20
Sergio Andres Peralta G.,TEMP,3,4,228,1283,14,21
Daniel Montenegro,HUR,19,13,1073,444,21,15
Esteban Burgos,ROS,0,1,102,1417,17,15
Diego Milito,RAC,20,10,813,693,29,26
Emanuel Britez,USF,18,15,1068,441,24,21
Leandro Diaz,HUR,0,1,52,1465,21,15
Jorge Marcelo Rodr?guez,TIG,12,9,729,778,21,17
Facundo S?nchez,EST,25,11,1451,55,25,11
Mauricio Romero,GLP,8,10,732,766,18,19
Blas Caceres,VEL,13,15,730,779,19,19
Fernando De La Fuente,CAP,8,8,403,1115,19,23
Pablo Vegetti,COL,0,3,193,1310,21,31
Diego Chaves,SARM,7,14,816,695,10,17
F?lix Banega,ROS,1,0,20,1499,17,15
Dami?n Pacco,CAP,0,0,21,1497,19,23
Nicol?s Tagliafico,IND,22,12,1499,0,22,12
Lautaro Geminiani,CAP,9,11,583,935,19,23
Jose Fernandez,ROS,7,7,455,1064,17,15
Mariano Barbieri,ARS,17,10,1054,450,21,14
Cristian Lema,BEL,16,21,1302,206,19,23
Gast?n Campi,RAC,2,7,195,1311,29,26
Mart?n Galmarini,TIG,9,9,829,678,21,17
Lucas Chacana,HUR,4,7,349,1168,21,15
Diego Zabala,VEL,4,4,298,1211,19,19
Gonzalo Maroni,CABJ,0,1,10,1491,14,13
Sebasti?n Torrico,SL,23,16,1508,0,23,16
Lorenzo Faravelli,GLP,16,12,830,668,18,19
Mauricio Sperduti,COL,21,31,1314,189,21,31
Jonatan Maidana,CARP,15,12,1043,470,20,19
Brian Mansilla,QUI,13,21,686,818,21,31
Leonardo Ponzio,CARP,19,19,1170,343,20,19
Jalil El?as,NOB,7,8,802,702,16,21
Francisco Pizzini,OBB,8,14,889,622,11,20
Mauro Formica,NOB,6,10,601,903,16,21
Cristian Llama,ALDO,13,17,809,714,19,27
Gustavo Toledo,IND,17,12,1285,214,22,12
Osvaldo Barsottini,GLP,9,12,626,872,18,19
Marcos Figueroa,TEMP,13,12,959,552,14,21
Marcelo Larrondo,ROS,9,4,542,977,17,15
Marcos Curado,ARS,21,14,1504,0,21,14
?der Balanta,CARP,8,9,767,746,20,19
Lisandro Magall?n,DYJ,23,16,1522,0,23,16
Ra?l Villalba,NOB,5,3,71,1433,16,21
Leandro Gonz?lez,TUC,24,19,1405,102,24,19
Fernando Telechea,CAP,18,22,1353,165,19,23
German Ferreyra,ARS,3,1,173,1331,21,14
Sebasti?n P?riz,TIG,8,8,583,924,21,17
Sebasti?n Luna,BEL,16,12,905,603,19,23
Iv?n Alonso,CARP,13,15,822,691,20,19
Leonardo Acosta,CAP,0,0,64,1454,19,23
Ariel Rojas,TEMP,0,1,8,1503,14,21
Leonel Di Pl?cido,TUC,5,3,228,1279,24,19
Jos? San R?man,HUR,15,7,946,571,21,15
Luciano Balbi,HUR,20,13,1329,188,21,15
Franco Leys,COL,0,5,122,1381,21,31
Juan Carlos Olave,BEL,19,23,1508,0,19,23
Pablo Cuevas,COL,0,4,141,1362,21,31
Renzo Spinacci,SARM,3,7,324,1187,10,17
Sebastian Palacios,CABJ,11,13,1045,456,14,13
Rodrigo Bentancur,CABJ,8,11,686,815,14,13
Mart?n Campa?a,IND,19,7,1030,469,22,12
Geronimo Poblete,COL,21,27,1317,186,21,31
Hernan Fredes,DYJ,16,6,706,816,23,16
Nicol?s Benegas,CABJ,1,3,257,1244,14,13
Alan Aguerre,VEL,19,18,1374,135,19,19
Fernando Tobio,CABJ,8,11,1051,450,14,13
Leonel M?ller,HUR,1,1,93,1424,21,15
Alejandro Almada,CAP,0,0,19,1499,19,23
Washington Camacho,RAC,4,9,347,1159,29,26
Tom?s Mart?nez,DYJ,22,13,1025,497,23,16
Agust?n Rossi,EST,1,1,189,1317,25,11
Andres Ch?vez,CABJ,7,10,504,997,14,13
Agust?n Pelletieri,LAN,5,4,170,1337,28,10
Pablo M?guez,OBB,11,20,1459,52,11,20
Fabi?n Cubero,VEL,17,18,1294,215,19,19
Mauricio Arboleda,BAN,1,1,95,1413,15,20
Germ?n Montoya,RAF,7,17,691,817,14,32
Milton C?liz,ARS,3,1,56,1448,21,14
Maximiliano Coronel,GLP,13,14,1199,299,18,19
Thomas Rodriguez,BAN,6,5,393,1115,15,20
Guillermo Cosaro,SARM,10,13,1082,429,10,17
Rodrigo Gomez,IND,13,4,264,1235,22,12
Walter Benitez,QUI,12,14,657,847,21,31
Esteban Orfano,RAF,8,21,597,911,14,32
Nicol?s Bertocchi,CAP,9,9,609,909,19,23
Fausto Grillo,VEL,0,0,34,1475,19,19
Pablo Campod?nico,ALDO,11,14,772,751,19,27
Pablo Barrientos,SL,9,9,587,921,23,16
Ramiro Lopez,ARS,0,2,22,1482,21,14
Cristian Sain,COL,4,1,135,1368,21,31
Silvio Dulcich,QUI,9,17,847,657,21,31
Lisandro L?pez,RAC,19,18,676,830,29,26
Nicol?s Colazo,CABJ,1,5,245,1256,14,13
Rub?n Ram?rez,TEMP,4,12,333,1178,14,21
Franco Escobar,NOB,6,10,439,1065,16,21
Gustavo Bou,RAC,16,11,462,1044,29,26
Matias Quiroga,CAP,13,15,922,596,19,23
Patricio Toranzo,HUR,1,1,76,1441,21,15
Santiago Ascacibar,EST,25,11,1467,39,25,11
Miguel Almir?n,LAN,20,2,831,676,28,10
Franco Sbuttoni,TUC,16,11,850,657,24,19
Jorge Figal,OBB,11,20,1511,0,11,20
